ra,dec,source_id,w1mpro,w1sigmpro,qual_frame,mjd,dist,angle
1.5348243,-59.0875117,17092r197-000376,14.134,0.054,10,58988.73944081,0.012294,239.862634
1.5348381,-59.0875086,65437a040-000290,13.905,0.049,10,57337.28617734,0.015672,71.404929
1.5348270,-59.0875155,54521a042-000373,14.171,0.053,10,56979.01231688,0.020618,195.653689
1.5348156,-59.0875042,54482a067-000622,14.082,0.051,10,56977.76338522,0.033809,308.097460
1.5348480,-59.0875122,82388a198-000348,14.154,0.056,10,57892.59821572,0.034226,103.382580
1.5348374,-59.0875193,82296a201-000330,13.927,0.072,10,57889.58654635,0.036106,157.766585
1.5348333,-59.0875203,60057b230-000334,14.044,0.048,10,57160.87244250,0.037518,170.653345
1.5348513,-59.0875140,50660r196-000542,14.380,0.061,10,60084.46495891,0.041918,110.079900
1.5348167,-59.0875220,65426a064-000436,14.098,0.056,10,57336.95828127,0.049750,209.656406
1.5348409,-59.0875228,28244r197-000323,13.948,0.049,10,59353.32296481,0.050317,156.371990
1.5348573,-59.0875087,54513a042-000944,14.173,0.057,10,56978.74936377,0.050691,84.704223
1.5348592,-59.0875053,60092a205-000338,13.982,0.052,10,57161.98804961,0.056591,72.603445
1.5348207,-59.0874949,28202r222-000340,13.935,0.055,10,59351.95038949,0.057007,342.442507
1.5348045,-59.0875206,82392a198-000382,13.918,0.048,10,57892.72911913,0.060698,231.021728
1.5348538,-59.0875230,28236r197-000377,14.022,0.050,10,59353.06154025,0.064252,136.755734
1.5348638,-59.0875152,10839r055-000523,14.441,0.072,10,58784.23005441,0.065273,106.671391
1.5348217,-59.0875277,93498a221-000789,14.299,0.077,10,58256.22635728,0.065562,193.544519
1.5348493,-59.0874946,49068a208-000354,13.967,0.048,10,56799.69234142,0.065921,32.774596
1.5348650,-59.0875055,82309b226-000317,13.884,0.058,10,57890.04483549,0.066705,75.949145
1.5348658,-59.0875039,49053b233-000384,14.138,0.054,10,56799.23176539,0.069751,71.650601
1.5348661,-59.0875044,05850r222-000455,14.387,0.067,10,58621.07214175,0.069751,73.197877
1.5348604,-59.0874982,71184a203-000538,14.204,0.062,10,57525.66581532,0.070492,52.926403
1.5348536,-59.0874940,17090r221-000352,14.187,0.054,10,58988.67398918,0.072278,37.153018
1.5348692,-59.0875078,50622r220-000625,14.333,0.059,10,60083.23143620,0.072929,83.765441
1.5348557,-59.0875255,82416a198-000308,14.035,0.055,10,57893.51479384,0.073316,139.575838
1.5347938,-59.0875009,71180a203-000388,14.176,0.054,10,57525.53478458,0.074530,296.073741
1.5348018,-59.0874947,82328a200-000318,13.992,0.057,10,57890.63402852,0.075850,316.563140
1.5348659,-59.0874986,71173b227-000358,14.246,0.057,10,57525.33817480,0.078059,58.278736
1.5348247,-59.0874882,60077b229-000322,13.976,0.047,10,57161.52861450,0.079081,352.880776
1.5347858,-59.0875107,71189b228-000391,14.257,0.063,10,57525.86242516,0.081783,268.234238
1.5348525,-59.0875299,65438a064-000336,14.074,0.053,10,57337.35175659,0.082873,149.849916
1.5347856,-59.0874950,82386a223-000303,13.943,0.049,10,57892.53276405,0.098259,303.329683
1.5348670,-59.0875320,44385r031-000411,14.038,0.065,10,59880.29283497,0.104683,139.173089
1.5348870,-59.0875137,28222r221-000308,13.941,0.051,10,59352.60388736,0.106250,97.201485
1.5348817,-59.0874938,60084a205-000356,14.151,0.055,10,57161.72547885,0.112007,58.619115
1.5347726,-59.0875237,82289b225-000336,13.929,0.047,10,57889.39006400,0.117039,245.080592
1.5348323,-59.0874768,98523a056-000517,14.441,0.065,10,58420.61682971,0.119594,2.038276
1.5348882,-59.0874935,44389r031-000346,14.139,0.054,10,59880.42322892,0.122943,61.107562
1.5348499,-59.0875427,17096r197-000430,14.287,0.061,10,58988.87021676,0.123327,162.638900
1.5348566,-59.0874781,60100a205-000666,14.039,0.049,10,57162.25049291,0.124925,23.189118
1.5348512,-59.0875431,05842r223-000516,14.233,0.052,10,58620.81058975,0.125453,161.787032
1.5347722,-59.0875284,39388r197-000324,14.111,0.052,10,59717.35441324,0.125754,238.214950
1.5347618,-59.0875150,28214r221-000361,14.119,0.051,10,59352.34246275,0.127396,261.878172
1.5348934,-59.0874930,82382a224-000362,13.911,0.045,10,57892.40186073,0.132271,62.437873
1.5347934,-59.0875419,39346r221-000352,14.054,0.053,10,59715.98388249,0.133303,210.515864
1.5348707,-59.0875407,87482a060-000303,13.947,0.050,10,58059.36001148,0.133727,145.742563
1.5348156,-59.0875472,55705r031-000408,14.438,0.074,10,60247.92868965,0.136559,191.247243
1.5347960,-59.0874758,60073b230-000360,14.019,0.048,10,57161.39745650,0.138243,332.945481
1.5347634,-59.0874920,76402a060-000339,14.242,0.071,10,57696.60073470,0.139162,297.748632
1.5349015,-59.0874978,55705r030-000435,14.335,0.067,10,60247.92856229,0.139332,71.626677
1.5347564,-59.0875006,28230r222-000334,13.982,0.052,10,59352.86543933,0.140244,283.961166
1.5347971,-59.0875452,39528r221-000367,13.913,0.049,10,59721.92304269,0.140581,205.648469
1.5348101,-59.0875480,82394a224-000480,14.001,0.052,10,57892.79469811,0.141652,195.057820
1.5348891,-59.0874824,82301b225-000329,13.988,0.049,10,57889.78290139,0.147724,47.727608
1.5348995,-59.0874890,82402a223-000330,13.844,0.051,10,57893.05650485,0.149124,59.537379
1.5349098,-59.0875029,71185b228-000455,14.247,0.066,10,57525.73139433,0.149788,80.174463
1.5349110,-59.0875113,28232r197-000386,14.119,0.053,10,59352.93076425,0.149883,91.789430
1.5349102,-59.0875161,71200a204-002439,14.193,0.058,10,57526.19006580,0.149946,98.421761
1.5348910,-59.0875391,17088r197-000385,14.203,0.062,10,58988.60866495,0.153956,132.879886
1.5347711,-59.0875414,33229r031-000313,14.015,0.052,10,59516.20081271,0.156994,223.939442
1.5348366,-59.0874661,17100r197-000388,14.207,0.059,10,58989.00099272,0.158521,4.416465
1.5347456,-59.0874965,76394a060-000397,14.322,0.059,10,57696.33867247,0.163479,287.294273
1.5347857,-59.0874700,76413a036-000355,14.182,0.066,10,57696.92824897,0.165689,330.362078
1.5349089,-59.0875329,98541a032-000524,14.577,0.073,10,58421.20576807,0.167588,119.465165
1.5348567,-59.0875545,82300a201-000347,13.882,0.046,10,57889.71744968,0.167644,162.868789
1.5347571,-59.0874808,76401a036-000485,14.412,0.067,10,57696.53515549,0.170964,307.943135
1.5348206,-59.0874620,28212r197-000370,13.910,0.049,10,59352.27713845,0.173678,354.255073
1.5348367,-59.0875582,60088a205-000371,14.132,0.084,10,57161.85676420,0.173950,175.915427
1.5347356,-59.0875070,39370r222-000344,13.938,0.049,10,59716.76713101,0.174925,273.539813
1.5347407,-59.0875271,87501a035-000291,13.941,0.048,10,58059.94920429,0.176243,249.557297
1.5347807,-59.0875521,76409a036-001466,14.300,0.066,10,57696.79721778,0.176885,211.030524
1.5349253,-59.0875050,93516a197-000459,14.312,0.059,10,58256.81542265,0.177178,84.168772
1.5347474,-59.0875396,48996a211-000331,14.010,0.047,10,56797.32348147,0.186250,235.102077
1.5347292,-59.0875186,48980a211-000330,14.006,0.067,10,56796.79706716,0.188969,260.570617
1.5348708,-59.0874614,60080a205-000368,14.072,0.052,10,57161.59432081,0.190537,23.329509
1.5347348,-59.0874884,10851r056-000430,14.274,0.065,10,58784.62263682,0.192461,293.828851
1.5348365,-59.0875638,05856r197-000473,14.585,0.071,10,58621.26836941,0.194050,176.448353
1.5347273,-59.0874934,60085b230-000338,14.132,0.052,10,57161.79118516,0.199120,287.465244
1.5347253,-59.0875268,54474a067-000371,14.108,0.054,10,56977.50043208,0.202857,252.654222
1.5348926,-59.0875563,87521a036-000304,13.891,0.051,10,58060.60384928,0.202950,145.216693
1.5349403,-59.0875114,71196a203-000398,14.179,0.074,10,57526.05890770,0.204064,91.415363
1.5347633,-59.0875572,98521a033-000486,14.439,0.061,10,58420.55150534,0.209973,215.978392
1.5347635,-59.0874620,87509a035-000350,13.933,0.048,10,58060.21101167,0.212100,324.559440
1.5347410,-59.0875485,82420a199-000325,13.856,0.045,10,57893.64582458,0.215173,229.900933
1.5348266,-59.0874502,39356r197-000337,14.042,0.052,10,59716.31024270,0.215370,358.326941
1.5348531,-59.0875690,22075r056-000343,14.052,0.049,10,59151.64672205,0.216661,168.627423
1.5349472,-59.0875117,98513a032-000456,14.414,0.061,10,58420.28969863,0.216835,91.617367
1.5347297,-59.0874777,82304a200-000393,14.011,0.055,10,57889.84835309,0.218938,302.081753
1.5347543,-59.0875577,82324a201-000317,14.033,0.049,10,57890.50312454,0.221554,219.189892
1.5348081,-59.0875707,17072r197-000454,14.133,0.066,10,58988.08556075,0.222235,190.500501
1.5348855,-59.0875650,39364r197-000347,13.971,0.049,10,59716.57128537,0.223020,152.597885
1.5349458,-59.0875295,54494b066-000326,14.044,0.051,10,56978.15775119,0.225380,108.148559
1.5348495,-59.0875719,50642r220-000411,14.303,0.074,10,60083.88060531,0.225736,170.807152
1.5349247,-59.0875505,10845r032-000412,14.335,0.059,10,58784.42640928,0.227881,129.776616
1.5347174,-59.0874832,22073r032-000376,14.148,0.058,10,59151.58127041,0.229513,294.858264
1.5347291,-59.0874726,48981b235-000324,13.978,0.052,10,56796.86277341,0.230109,305.811055
1.5348630,-59.0874454,82316a200-001628,13.961,0.052,10,57890.24119052,0.240428,14.704625
1.5349347,-59.0875510,17068r197-000412,14.383,0.075,10,58987.95478485,0.243474,127.316921
1.5348372,-59.0874423,82416a199-000312,13.957,0.052,10,57893.51492122,0.244074,3.127298
1.5347650,-59.0874509,49076a208-000367,14.223,0.058,10,56799.95554847,0.244365,330.532886
1.5348014,-59.0874426,82285b226-001629,13.927,0.061,10,57889.25916064,0.248334,347.702368
1.5347000,-59.0874919,55685r031-000717,14.305,0.075,10,60247.28194039,0.249093,285.163986
1.5348963,-59.0875709,54506a067-000404,14.194,0.070,10,56978.55224450,0.251208,150.782614
1.5349625,-59.0874946,39346r223-000369,13.948,0.048,10,59715.98400980,0.251246,77.252015
1.5349610,-59.0874912,54509a042-000358,14.087,0.051,10,56978.61795091,0.251546,74.392204
1.5347794,-59.0874447,17082r221-000394,14.224,0.073,10,58988.41243745,0.253025,338.293426
1.5347089,-59.0874769,82390a223-000313,13.917,0.057,10,57892.66366742,0.253696,298.015033
1.5348739,-59.0875773,98511a056-000479,14.565,0.076,10,58420.22424699,0.255515,161.473697
1.5348427,-59.0875810,28236r196-000368,13.991,0.054,10,59353.06141289,0.256677,174.749718
1.5347300,-59.0875611,49061b233-000329,14.097,0.049,10,56799.49497250,0.260857,225.152483
1.5347932,-59.0874399,05862r223-000475,14.406,0.060,10,58621.46472443,0.261381,344.907002
1.5346984,-59.0875373,48965b235-000328,13.994,0.051,10,56796.33635926,0.262481,248.010761
1.5347358,-59.0875662,10859r056-000468,14.445,0.063,10,58784.88431600,0.266995,220.731317
1.5348494,-59.0874355,93532a197-000448,14.359,0.079,10,58257.33890897,0.270598,7.619591
1.5346936,-59.0874777,54490a066-000344,14.120,0.088,10,56978.02621101,0.277764,294.747313
1.5347549,-59.0875771,48961b236-000412,14.078,0.052,10,56796.20481938,0.278647,209.897879
1.5347850,-59.0875843,71204a204-000367,14.163,0.056,10,57526.32109654,0.280135,197.283021
1.5348832,-59.0875845,76421a036-000509,14.272,0.057,10,57697.19018389,0.285678,159.854467
1.5349052,-59.0875820,65446a064-000329,14.101,0.056,10,57337.61407337,0.294150,151.783801
1.5349886,-59.0875194,05864r197-000385,14.299,0.072,10,58621.53004878,0.295256,96.581162
1.5349892,-59.0875037,76393a035-000477,14.264,0.063,10,57696.27309321,0.295304,85.595232
1.5348676,-59.0874301,76386a060-000422,14.241,0.074,10,57696.07661013,0.295927,13.590777
1.5346988,-59.0874627,71169b227-003584,14.339,0.063,10,57525.20714400,0.296438,305.059891
1.5349903,-59.0875180,93540a196-000415,14.409,0.086,10,58257.60058899,0.297852,95.548689
1.5347446,-59.0875834,50632r195-000364,14.202,0.102,10,60083.55602104,0.307850,210.867397
1.5348808,-59.0875930,93518a221-000422,14.371,0.073,10,58256.88074698,0.313219,162.545514
1.5348653,-59.0875952,76390b060-000897,14.244,0.082,10,57696.20764127,0.313596,167.984081
1.5348485,-59.0875968,82400a198-000317,14.013,0.051,10,57892.99105324,0.314348,173.751433
1.5347643,-59.0874293,05848r198-000496,14.427,0.064,10,58621.00681740,0.314904,337.303327
1.5346597,-59.0875215,82305b225-000371,13.918,0.056,10,57889.91380480,0.317667,262.511516
1.5349382,-59.0874414,33221r030-000384,14.110,0.053,10,59515.93938815,0.317860,39.017330
1.5349984,-59.0875291,10863r055-000480,14.511,0.069,10,58785.01509558,0.318943,102.450061
1.5346574,-59.0875050,17058r222-000387,14.317,0.064,10,58987.62778131,0.319712,273.227369
1.5346632,-59.0875350,28230r221-000416,13.995,0.076,10,59352.86531201,0.321348,253.735332
1.5348167,-59.0874184,05858r222-000483,14.354,0.074,10,58621.33382108,0.330678,355.734107
1.5349082,-59.0874273,93510a222-000436,14.350,0.061,10,58256.61906748,0.330992,25.909361
1.5349792,-59.0875627,54505a042-000350,14.084,0.056,10,56978.48641073,0.334866,124.510801
1.5347215,-59.0874326,05860r198-000470,14.455,0.064,10,58621.39927271,0.343376,324.240420
1.5347450,-59.0874239,05854r223-000614,14.375,0.080,10,58621.20304505,0.347546,333.107407
1.5347658,-59.0876011,22085r033-000329,13.964,0.058,10,59151.97372574,0.348794,199.901959
1.5346406,-59.0875153,48989b235-000434,14.206,0.057,10,56797.12598057,0.350806,266.882062
1.5348143,-59.0876081,76405a036-000448,14.394,0.064,10,57696.66618663,0.354357,184.700129
1.5350077,-59.0875513,82398a223-000373,13.967,0.070,10,57892.92560153,0.360711,114.342409
1.5346367,-59.0874952,05838r222-000422,14.365,0.061,10,58620.67968639,0.361444,278.476755
1.5349909,-59.0875689,50640r196-000474,14.479,0.064,10,60083.81579032,0.365395,125.472514
1.5350181,-59.0875412,93502a221-000414,14.274,0.058,10,58256.35726066,0.365563,107.893978
1.5350262,-59.0875256,93530a222-000445,14.484,0.064,10,58257.27345728,0.367174,98.798056
1.5346444,-59.0874714,60069b230-000477,14.040,0.048,10,57161.26617120,0.370313,292.039633
1.5346305,-59.0875221,93514a222-000537,14.317,0.058,10,58256.74997091,0.371523,263.266645
1.5349957,-59.0875723,39372r197-000366,13.982,0.059,10,59716.83232804,0.379759,126.199255
1.5347015,-59.0875935,17078r221-000406,14.226,0.064,10,58988.28166094,0.383189,218.329379
1.5350329,-59.0874848,93520a196-000461,14.401,0.069,10,58256.94619872,0.386062,76.409031
1.5346463,-59.0874570,65430a064-000380,13.975,0.048,10,57337.08943971,0.389655,299.318814
1.5346871,-59.0875908,76406a059-000551,14.232,0.059,10,57696.73163856,0.393010,222.256984
1.5346178,-59.0874960,10843r056-000560,14.469,0.083,10,58784.36095767,0.395670,277.318054
1.5347771,-59.0876206,93522a221-000419,14.273,0.066,10,58257.01165046,0.409998,193.804969
1.5346186,-59.0875454,71161b227-000405,14.245,0.056,10,57524.94508243,0.411218,251.945985
1.5347776,-59.0876212,10831r056-000709,14.302,0.122,10,58783.96850255,0.411883,193.608353
1.5346612,-59.0874353,82396a199-000359,13.892,0.052,10,57892.86014981,0.412044,310.742146
1.5349962,-59.0874331,05868r198-000456,14.492,0.068,10,58621.66095213,0.413668,47.991942
1.5350537,-59.0875252,93512a197-000451,14.367,0.061,10,58256.68451917,0.417318,97.534577
1.5350469,-59.0875433,10853r032-000472,14.433,0.066,10,58784.68808843,0.418674,106.638801
1.5349370,-59.0876127,49088a207-000338,14.075,0.058,10,56800.35029529,0.419350,151.842706
1.5349815,-59.0875972,05856r198-000496,14.460,0.063,10,58621.26849672,0.420778,138.249786
1.5349649,-59.0876065,82392a199-000406,13.862,0.060,10,57892.72924645,0.427703,144.315894
1.5350087,-59.0874335,50626r221-000492,14.504,0.067,10,60083.36132144,0.430203,50.195533
1.5345965,-59.0875133,54506a066-000346,13.998,0.052,10,56978.55211714,0.432000,268.424080
1.5346342,-59.0874395,05846r222-000490,14.377,0.065,10,58620.94136578,0.442201,305.025689
1.5350613,-59.0875496,10839r056-000411,14.347,0.061,10,58784.23018172,0.450896,108.431390
1.5350703,-59.0874847,39374r222-000382,14.094,0.061,10,59716.89765238,0.453653,78.418111
1.5345997,-59.0874488,33241r031-000513,14.181,0.070,10,59516.59288584,0.479529,297.351411
1.5350685,-59.0875653,50646r220-000390,14.394,0.062,10,60084.01048998,0.483931,114.291653
1.5350710,-59.0874567,49069b233-000312,13.997,0.049,10,56799.75817507,0.485257,66.708073
1.5350808,-59.0875499,93498a222-000854,14.255,0.076,10,58256.22648464,0.485568,107.206777
1.5349668,-59.0876261,48988a211-000345,14.045,0.060,10,56797.06027427,0.488565,148.812607
1.5349541,-59.0876369,55681r031-000433,14.455,0.067,10,60247.15256510,0.511251,153.325459
1.5346565,-59.0873949,49077b233-000336,14.012,0.057,10,56800.02138206,0.524071,322.246171
1.5345984,-59.0874166,48977b236-000304,13.923,0.052,10,56796.73123350,0.544537,308.132108
1.5350008,-59.0873799,82412a198-000407,14.143,0.065,10,57893.38389052,0.564930,33.997470
1.5350509,-59.0876264,50656r195-000573,14.282,0.081,10,60084.33507425,0.585234,135.727240
1.5345166,-59.0874872,55679r054-000396,14.395,0.077,10,60247.08787743,0.585395,278.060081
1.5351395,-59.0874751,71192a203-000367,14.246,0.090,10,57525.92787690,0.586024,77.620138
1.5347056,-59.0876644,22059r057-000354,14.084,0.057,10,59151.12361755,0.601575,202.485084
1.5351701,-59.0876248,82320a201-000355,14.142,0.068,10,57890.37222122,0.752614,123.307308
1.5347439,-59.0872967,49064a207-000296,13.901,0.049,10,56799.56067429,0.784216,348.284552
1.5353649,-59.0874697,50628r196-000650,14.922,0.126,10,60083.42626369,0.999837,81.656957
1.5343317,-59.0877424,55671r055-000474,12.472,0.041,10,60246.82899943,1.244688,227.765106
